combination,enzymes,n_proteins,covered_residues,total_residues,residue_weighted_pct,median_pct,rank,family
Trypsin,Trypsin,17718,6101981,12006700,50.82146634795573,56.30510665804783,2,single
Trypsin/Lys-C,Trypsin;Lys-C,17718,6851776,12006700,57.06627133183972,63.72838662852752,1,single
Chymotrypsin,Chymotrypsin,17718,2114032,12006700,17.607102700991945,16.824676491732568,6,single
Lys-N,Lys-N,17718,3629814,12006700,30.23157070635562,30.452270650917235,3,single
Glu-C,Glu-C,17718,3196756,12006700,26.62476783795714,26.288659793814432,4,single
Asp-N,Asp-N,17718,3018486,12006700,25.140013492466707,25.0,5,single
Trypsin/Lys-C + Chymotrypsin,Trypsin;Lys-C;Chymotrypsin,17718,7306750,12006700,60.85560562019539,69.16915873613995,3,two
Trypsin/Lys-C + Lys-N,Trypsin;Lys-C;Lys-N,17718,7140831,12006700,59.473718840314156,66.66666666666667,4,two
Trypsin/Lys-C + Glu-C,Trypsin;Lys-C;Glu-C,17718,7479456,12006700,62.294019172628616,70.52212434056088,1,two
Trypsin/Lys-C + Asp-N,Trypsin;Lys-C;Asp-N,17718,7477584,12006700,62.278427877768245,70.63911920544483,2,two
Trypsin/Lys-C + Chymotrypsin + Lys-N,Trypsin;Lys-C;Chymotrypsin;Lys-N,17718,7549826,12006700,62.8801086060283,71.5597682991048,6,three
Trypsin/Lys-C + Chymotrypsin + Glu-C,Trypsin;Lys-C;Chymotrypsin;Glu-C,17718,7804455,12006700,65.00083286831519,74.45177609748137,2,three
Trypsin/Lys-C + Chymotrypsin + Asp-N,Trypsin;Lys-C;Chymotrypsin;Asp-N,17718,7798451,12006700,64.95082745467114,74.47173399980284,3,three
Trypsin/Lys-C + Lys-N + Glu-C,Trypsin;Lys-C;Lys-N;Glu-C,17718,7676632,12006700,63.936235601789,72.46376811594203,5,three
Trypsin/Lys-C + Lys-N + Asp-N,Trypsin;Lys-C;Lys-N;Asp-N,17718,7684620,12006700,64.00276512280644,72.78481012658227,4,three
Trypsin/Lys-C + Glu-C + Asp-N,Trypsin;Lys-C;Glu-C;Asp-N,17718,7890042,12006700,65.71365987323745,75.16704117620799,1,three
All six,Trypsin;Lys-C;Chymotrypsin;Lys-N;Glu-C;Asp-N,17718,8278813,12006700,68.95161035088742,79.18781725888324,,
