combination,enzymes,label,n_proteins,covered_residues,total_residues,residue_weighted_pct,median_pct
Trypsin/Lys-C + Glu-C,Trypsin;Lys-C;Glu-C,K+R,17718,7341661,12006700,61.14636827771161,68.87860953510034
Trypsin/Lys-C + Glu-C,Trypsin;Lys-C;Glu-C,L,17718,6474285,12006700,53.92226840014325,59.571262169122754
Trypsin/Lys-C + Glu-C,Trypsin;Lys-C;Glu-C,T,17718,5045049,12006700,42.01861460684451,45.01439152932922
Trypsin/Lys-C + Glu-C,Trypsin;Lys-C;Glu-C,I,17718,4445783,12006700,37.0275179691339,38.611111111111114
Trypsin/Lys-C + Glu-C,Trypsin;Lys-C;Glu-C,V,17718,5369330,12006700,44.71944830802802,48.48187468403366
Trypsin/Lys-C + Glu-C,Trypsin;Lys-C;Glu-C,H,17718,3329139,12006700,27.727343899656024,28.463784449768916
Trypsin/Lys-C + Asp-N,Trypsin;Lys-C;Asp-N,K+R,17718,7337378,12006700,61.11069652777199,68.77881163299556
Trypsin/Lys-C + Asp-N,Trypsin;Lys-C;Asp-N,L,17718,6477034,12006700,53.94516395012784,59.615650901034556
Trypsin/Lys-C + Asp-N,Trypsin;Lys-C;Asp-N,T,17718,5083576,12006700,42.33949378263803,45.49407898464502
Trypsin/Lys-C + Asp-N,Trypsin;Lys-C;Asp-N,I,17718,4470017,12006700,37.22935527663721,38.888888888888886
Trypsin/Lys-C + Asp-N,Trypsin;Lys-C;Asp-N,V,17718,5388675,12006700,44.88056668360166,48.70333247776886
Trypsin/Lys-C + Asp-N,Trypsin;Lys-C;Asp-N,H,17718,3386436,12006700,28.20455245821083,28.883604913441744
Trypsin/Lys-C + Chymotrypsin,Trypsin;Lys-C;Chymotrypsin,K+R,17718,7139100,12006700,59.45930188977821,67.08995135585477
Trypsin/Lys-C + Chymotrypsin,Trypsin;Lys-C;Chymotrypsin,L,17718,6208340,12006700,51.707296759309386,56.904083148678424
Trypsin/Lys-C + Chymotrypsin,Trypsin;Lys-C;Chymotrypsin,T,17718,4807105,12006700,40.03685442294719,42.96324823943662
Trypsin/Lys-C + Chymotrypsin,Trypsin;Lys-C;Chymotrypsin,I,17718,4237718,12006700,35.294610509132404,36.8421052631579
Trypsin/Lys-C + Chymotrypsin,Trypsin;Lys-C;Chymotrypsin,V,17718,5126773,12006700,42.69926790875095,46.35419376595847
Trypsin/Lys-C + Chymotrypsin,Trypsin;Lys-C;Chymotrypsin,H,17718,3142145,12006700,26.169930122348354,26.716812947327053
Trypsin/Lys-C + Glu-C + Asp-N,Trypsin;Lys-C;Glu-C;Asp-N,K+R,17718,7691518,12006700,64.06021637918829,72.6049786562732
Trypsin/Lys-C + Glu-C + Asp-N,Trypsin;Lys-C;Glu-C;Asp-N,L,17718,6948436,12006700,57.87132184530304,64.55266638541441
Trypsin/Lys-C + Glu-C + Asp-N,Trypsin;Lys-C;Glu-C;Asp-N,T,17718,5533755,12006700,46.0888920352803,50.0
Trypsin/Lys-C + Glu-C + Asp-N,Trypsin;Lys-C;Glu-C;Asp-N,I,17718,4875261,12006700,40.60450415184855,42.995829093330315
Trypsin/Lys-C + Glu-C + Asp-N,Trypsin;Lys-C;Glu-C;Asp-N,V,17718,5845463,12006700,48.68500920319488,53.2822286713765
Trypsin/Lys-C + Glu-C + Asp-N,Trypsin;Lys-C;Glu-C;Asp-N,H,17718,3719198,12006700,30.97602172120566,32.00813557948274
Trypsin/Lys-C + Chymotrypsin + Glu-C,Trypsin;Lys-C;Chymotrypsin;Glu-C,K+R,17718,7567286,12006700,63.025527413860594,71.56744625561068
Trypsin/Lys-C + Chymotrypsin + Glu-C,Trypsin;Lys-C;Chymotrypsin;Glu-C,L,17718,6782379,12006700,56.488285707146844,62.995322109303444
Trypsin/Lys-C + Chymotrypsin + Glu-C,Trypsin;Lys-C;Chymotrypsin;Glu-C,T,17718,5343477,12006700,44.50412686250177,48.0
Trypsin/Lys-C + Chymotrypsin + Glu-C,Trypsin;Lys-C;Chymotrypsin;Glu-C,I,17718,4715682,12006700,39.27542122315041,41.49108589951378
Trypsin/Lys-C + Chymotrypsin + Glu-C,Trypsin;Lys-C;Chymotrypsin;Glu-C,V,17718,5670181,12006700,47.22514096296235,51.76376101509359
Trypsin/Lys-C + Chymotrypsin + Glu-C,Trypsin;Lys-C;Chymotrypsin;Glu-C,H,17718,3538262,12006700,29.46906310643224,30.490211633045558
Trypsin/Lys-C + Chymotrypsin + Asp-N,Trypsin;Lys-C;Chymotrypsin;Asp-N,K+R,17718,7562593,12006700,62.986440903828694,71.49094950778024
Trypsin/Lys-C + Chymotrypsin + Asp-N,Trypsin;Lys-C;Chymotrypsin;Asp-N,L,17718,6782599,12006700,56.49011801744026,63.09898305748319
Trypsin/Lys-C + Chymotrypsin + Asp-N,Trypsin;Lys-C;Chymotrypsin;Asp-N,T,17718,5375934,12006700,44.77445093156321,48.4686894232573
Trypsin/Lys-C + Chymotrypsin + Asp-N,Trypsin;Lys-C;Chymotrypsin;Asp-N,I,17718,4736589,12006700,39.44954900180733,41.671585989767806
Trypsin/Lys-C + Chymotrypsin + Asp-N,Trypsin;Lys-C;Chymotrypsin;Asp-N,V,17718,5684445,12006700,47.34394129944115,52.012384584799804
Trypsin/Lys-C + Chymotrypsin + Asp-N,Trypsin;Lys-C;Chymotrypsin;Asp-N,H,17718,3587762,12006700,29.88133292245163,30.76923076923077
