combination,enzymes,label,n_proteins,covered_residues,total_residues,residue_weighted_pct,median_pct,kr_baseline_pct,gain_over_kr_pct
Trypsin,Trypsin,K+R,17718,6072518,12006700,50.576078356251095,55.79764711017985,50.576078356251095,0.0
Trypsin,Trypsin,L,17718,4988807,12006700,41.550192809014966,44.569469559975886,50.576078356251095,-9.025885547236129
Trypsin,Trypsin,T,17718,3706839,12006700,30.873087526131243,32.28273413875213,50.576078356251095,-19.70299083011985
Trypsin,Trypsin,I,17718,3219306,12006700,26.81257964303264,27.229342651171727,50.576078356251095,-23.763498713218453
Trypsin,Trypsin,V,17718,4002137,12006700,33.33253100352303,35.021225765427616,50.576078356251095,-17.243547352728065
Trypsin,Trypsin,H,17718,2383667,12006700,19.85280718265635,19.78837870273434,50.576078356251095,-30.723271173594746
Trypsin,Trypsin,R,17718,3730204,12006700,31.067687207975546,32.44653960871543,50.576078356251095,-19.50839114827555
Trypsin,Trypsin,K+R+L,17718,6095612,12006700,50.76842096496123,56.19251396337566,50.576078356251095,0.19234260871013475
Trypsin,Trypsin,K,17718,3923576,12006700,32.678221326426076,34.05130238207706,50.576078356251095,-17.89785702982502
Trypsin,Trypsin,K+L,17718,5690031,12006700,47.3904653235277,51.90450282398052,50.576078356251095,-3.1856130327233956
Trypsin,Trypsin,K+T,17718,5194169,12006700,43.260587838456864,46.78007315596376,50.576078356251095,-7.315490517794231
Trypsin,Trypsin,K+I,17718,4935370,12006700,41.10513296742652,44.13655995064099,50.576078356251095,-9.470945388824575
Trypsin,Trypsin,K+V,17718,5299052,12006700,44.134125113478305,47.983442914868846,50.576078356251095,-6.44195324277279
Trypsin,Trypsin,K+H,17718,4796559,12006700,39.94902013042718,42.88264789908334,50.576078356251095,-10.627058225823916
Trypsin,Trypsin,K+L+T,17718,5911854,12006700,49.23795880633313,54.254519518283814,50.576078356251095,-1.3381195499179626
Trypsin,Trypsin,K+L+I,17718,5880297,12006700,48.9751305521084,53.807929312458356,50.576078356251095,-1.6009478041426917
Trypsin,Trypsin,K+L+V,17718,5943043,12006700,49.497722105157955,54.54545454545455,50.576078356251095,-1.0783562510931404
Trypsin,Trypsin,K+L+H,17718,5818445,12006700,48.45998484179666,53.38875378716016,50.576078356251095,-2.116093514454434
Trypsin,Trypsin,K+T+I,17718,5575595,12006700,46.43736413835609,50.54486812473759,50.576078356251095,-4.138714217895007
Trypsin,Trypsin,K+T+V,17718,5718252,12006700,47.62550909075766,52.24159749879034,50.576078356251095,-2.950569265493435
Trypsin,Trypsin,K+T+H,17718,5516822,12006700,45.94786244346906,50.15480469686077,50.576078356251095,-4.628215912782032
Trypsin,Trypsin,K+I+V,17718,5647431,12006700,47.035663421256466,51.440329218106996,50.576078356251095,-3.5404149349946294
Trypsin,Trypsin,K+I+H,17718,5356145,12006700,44.60963462067013,48.34521342028546,50.576078356251095,-5.966443735580967
Trypsin,Trypsin,K+V+H,17718,5574062,12006700,46.42459626708421,50.81967213114754,50.576078356251095,-4.151482089166883
Trypsin/Lys-C,Trypsin;Lys-C,K+R,17718,6825686,12006700,56.84897598840647,63.26845553036029,56.84897598840647,0.0
Trypsin/Lys-C,Trypsin;Lys-C,L,17718,5779375,12006700,48.13458319105166,52.247016453640285,56.84897598840647,-8.714392797354812
Trypsin/Lys-C,Trypsin;Lys-C,T,17718,4403560,12006700,36.67585598041094,38.78676242402007,56.84897598840647,-20.173120007995536
Trypsin/Lys-C,Trypsin;Lys-C,I,17718,3873261,12006700,32.25916363363788,33.333333333333336,56.84897598840647,-24.58981235476859
Trypsin/Lys-C,Trypsin;Lys-C,V,17718,4717367,12006700,39.28945505426137,41.99055029340326,56.84897598840647,-17.559520934145105
Trypsin/Lys-C,Trypsin;Lys-C,H,17718,2867518,12006700,23.882648854389632,24.074074074074073,56.84897598840647,-32.96632713401684
Trypsin/Lys-C,Trypsin;Lys-C,R,17718,4807746,12006700,40.04219310884756,43.333333333333336,56.84897598840647,-16.80678287955891
Trypsin/Lys-C,Trypsin;Lys-C,K+R+L,17718,6846412,12006700,57.0215962754129,63.671362450074255,56.84897598840647,0.17262028700642418
Trypsin/Lys-C,Trypsin;Lys-C,K,17718,5260989,12006700,43.81711044666728,46.90348503212738,56.84897598840647,-13.031865541739194
Trypsin/Lys-C,Trypsin;Lys-C,K+L,17718,6577893,12006700,54.78518660414602,60.89837581773065,56.84897598840647,-2.0637893842604527
Trypsin/Lys-C,Trypsin;Lys-C,K+T,17718,6219180,12006700,51.79757968467606,57.0817971517386,56.84897598840647,-5.051396303730414
Trypsin/Lys-C,Trypsin;Lys-C,K+I,17718,5996571,12006700,49.943539856913226,54.69152351636713,56.84897598840647,-6.905436131493246
Trypsin/Lys-C,Trypsin;Lys-C,K+V,17718,6292206,12006700,52.405790100527206,57.93458940632776,56.84897598840647,-4.443185887879267
Trypsin/Lys-C,Trypsin;Lys-C,K+H,17718,5940076,12006700,49.473010902246244,54.087294388001936,56.84897598840647,-7.375965086160228
Trypsin/Lys-C,Trypsin;Lys-C,K+L+T,17718,6727889,12006700,56.034455762199435,62.482632037810305,56.84897598840647,-0.814520226207037
Trypsin/Lys-C,Trypsin;Lys-C,K+L+I,17718,6700560,12006700,55.806841180340975,62.04476077625105,56.84897598840647,-1.042134808065498
Trypsin/Lys-C,Trypsin;Lys-C,K+L+V,17718,6747236,12006700,56.19559079513938,62.62114575061267,56.84897598840647,-0.6533851932670913
Trypsin/Lys-C,Trypsin;Lys-C,K+L+H,17718,6668627,12006700,55.540881341251136,61.78582639685351,56.84897598840647,-1.308094647155336
Trypsin/Lys-C,Trypsin;Lys-C,K+T+I,17718,6477310,12006700,53.94746266667777,59.72943121603491,56.84897598840647,-2.9015133217287
Trypsin/Lys-C,Trypsin;Lys-C,K+T+V,17718,6590986,12006700,54.894234052653935,61.111111111111114,56.84897598840647,-1.954741935752537
Trypsin/Lys-C,Trypsin;Lys-C,K+T+H,17718,6455150,12006700,53.762899048031514,59.56647705980726,56.84897598840647,-3.0860769403749586
Trypsin/Lys-C,Trypsin;Lys-C,K+I+V,17718,6528383,12006700,54.37283350129511,60.36363636363637,56.84897598840647,-2.4761424871113604
Trypsin/Lys-C,Trypsin;Lys-C,K+I+H,17718,6324562,12006700,52.67527297259031,58.10433338366299,56.84897598840647,-4.173703015816166
Trypsin/Lys-C,Trypsin;Lys-C,K+V+H,17718,6495596,12006700,54.09976096679354,60.03958106248423,56.84897598840647,-2.749215021612933
Trypsin/Lys-C + Glu-C,Trypsin;Lys-C;Glu-C,K+R,17718,7341661,12006700,61.14636827771161,68.87860953510034,61.14636827771161,0.0
Trypsin/Lys-C + Glu-C,Trypsin;Lys-C;Glu-C,L,17718,6474285,12006700,53.92226840014325,59.571262169122754,61.14636827771161,-7.2240998775683565
Trypsin/Lys-C + Glu-C,Trypsin;Lys-C;Glu-C,T,17718,5045049,12006700,42.01861460684451,45.01439152932922,61.14636827771161,-19.1277536708671
Trypsin/Lys-C + Glu-C,Trypsin;Lys-C;Glu-C,I,17718,4445783,12006700,37.0275179691339,38.611111111111114,61.14636827771161,-24.118850308577706
Trypsin/Lys-C + Glu-C,Trypsin;Lys-C;Glu-C,V,17718,5369330,12006700,44.71944830802802,48.48187468403366,61.14636827771161,-16.42691996968359
Trypsin/Lys-C + Glu-C,Trypsin;Lys-C;Glu-C,H,17718,3329139,12006700,27.727343899656024,28.463784449768916,61.14636827771161,-33.41902437805558
Trypsin/Lys-C + Glu-C,Trypsin;Lys-C;Glu-C,R,17718,5395449,12006700,44.936985183272675,49.09090909090909,61.14636827771161,-16.209383094438934
Trypsin/Lys-C + Glu-C,Trypsin;Lys-C;Glu-C,K+R+L,17718,7453262,12006700,62.07585764614757,70.14925373134328,61.14636827771161,0.9294893684359593
Trypsin/Lys-C + Glu-C,Trypsin;Lys-C;Glu-C,K,17718,5777104,12006700,48.11566875161368,52.41696465149684,61.14636827771161,-13.030699526097926
Trypsin/Lys-C + Glu-C,Trypsin;Lys-C;Glu-C,K+L,17718,7207902,12006700,60.0323319479957,67.6470588235294,61.14636827771161,-1.1140363297159084
Trypsin/Lys-C + Glu-C,Trypsin;Lys-C;Glu-C,K+T,17718,6837967,12006700,56.951260546195044,63.693606787007425,61.14636827771161,-4.195107731516565
Trypsin/Lys-C + Glu-C,Trypsin;Lys-C;Glu-C,K+I,17718,6591179,12006700,54.895841488502256,61.029468182036155,61.14636827771161,-6.250526789209353
Trypsin/Lys-C + Glu-C,Trypsin;Lys-C;Glu-C,K+V,17718,6915046,12006700,57.593227114860866,64.70588235294117,61.14636827771161,-3.5531411628507428
Trypsin/Lys-C + Glu-C,Trypsin;Lys-C;Glu-C,K+H,17718,6536105,12006700,54.43714759259414,60.691823899371066,61.14636827771161,-6.709220685117472
Trypsin/Lys-C + Glu-C,Trypsin;Lys-C;Glu-C,K+L+T,17718,7364227,12006700,61.33431334171754,69.13932980599647,61.14636827771161,0.18794506400593036
Trypsin/Lys-C + Glu-C,Trypsin;Lys-C;Glu-C,K+L+I,17718,7333066,12006700,61.07478324602097,68.9023142550331,61.14636827771161,-0.07158503169063835
Trypsin/Lys-C + Glu-C,Trypsin;Lys-C;Glu-C,K+L+V,17718,7380399,12006700,61.46900480565018,69.44707990723171,61.14636827771161,0.32263652793857034
Trypsin/Lys-C + Glu-C,Trypsin;Lys-C;Glu-C,K+L+H,17718,7303072,12006700,60.82497272356268,68.60218413867966,61.14636827771161,-0.3213955541489284
Trypsin/Lys-C + Glu-C,Trypsin;Lys-C;Glu-C,K+T+I,17718,7106393,12006700,59.18689564992879,66.30862830156752,61.14636827771161,-1.9594726277828158
Trypsin/Lys-C + Glu-C,Trypsin;Lys-C;Glu-C,K+T+V,17718,7223565,12006700,60.16278411220402,67.79253585397653,61.14636827771161,-0.9835841655075868
Trypsin/Lys-C + Glu-C,Trypsin;Lys-C;Glu-C,K+T+H,17718,7086710,12006700,59.022962179449806,66.23706347888648,61.14636827771161,-2.1234060982618033
Trypsin/Lys-C + Glu-C,Trypsin;Lys-C;Glu-C,K+I+V,17718,7159486,12006700,59.62909042451298,67.11298112831749,61.14636827771161,-1.5172778531986282
Trypsin/Lys-C + Glu-C,Trypsin;Lys-C;Glu-C,K+I+H,17718,6948578,12006700,57.87250451831061,64.81590799772619,61.14636827771161,-3.273863759400996
Trypsin/Lys-C + Glu-C,Trypsin;Lys-C;Glu-C,K+V+H,17718,7130427,12006700,59.38706722080172,66.88400151107334,61.14636827771161,-1.7593010569098908
Trypsin/Lys-C + Asp-N,Trypsin;Lys-C;Asp-N,K+R,17718,7337378,12006700,61.11069652777199,68.77881163299556,61.11069652777199,0.0
Trypsin/Lys-C + Asp-N,Trypsin;Lys-C;Asp-N,L,17718,6477034,12006700,53.94516395012784,59.615650901034556,61.11069652777199,-7.16553257764415
Trypsin/Lys-C + Asp-N,Trypsin;Lys-C;Asp-N,T,17718,5083576,12006700,42.33949378263803,45.49407898464502,61.11069652777199,-18.771202745133962
Trypsin/Lys-C + Asp-N,Trypsin;Lys-C;Asp-N,I,17718,4470017,12006700,37.22935527663721,38.888888888888886,61.11069652777199,-23.881341251134785
Trypsin/Lys-C + Asp-N,Trypsin;Lys-C;Asp-N,V,17718,5388675,12006700,44.88056668360166,48.70333247776886,61.11069652777199,-16.230129844170335
Trypsin/Lys-C + Asp-N,Trypsin;Lys-C;Asp-N,H,17718,3386436,12006700,28.20455245821083,28.883604913441744,61.11069652777199,-32.906144069561165
Trypsin/Lys-C + Asp-N,Trypsin;Lys-C;Asp-N,R,17718,5428183,12006700,45.209616297567194,49.6506982548857,61.11069652777199,-15.901080230204798
Trypsin/Lys-C + Asp-N,Trypsin;Lys-C;Asp-N,K+R+L,17718,7450790,12006700,62.05526914139605,70.28086313726988,61.11069652777199,0.9445726136240609
Trypsin/Lys-C + Asp-N,Trypsin;Lys-C;Asp-N,K,17718,5775048,12006700,48.098544979053365,52.52358424544411,61.11069652777199,-13.012151548718627
Trypsin/Lys-C + Asp-N,Trypsin;Lys-C;Asp-N,K+L,17718,7204336,12006700,60.002631863876005,67.47271411070275,61.11069652777199,-1.1080646638959877
Trypsin/Lys-C + Asp-N,Trypsin;Lys-C;Asp-N,K+T,17718,6836101,12006700,56.93571922343358,63.98952888629916,61.11069652777199,-4.174977304338412
Trypsin/Lys-C + Asp-N,Trypsin;Lys-C;Asp-N,K+I,17718,6589317,12006700,54.8803334804734,61.21788687870108,61.11069652777199,-6.230363047298589
Trypsin/Lys-C + Asp-N,Trypsin;Lys-C;Asp-N,K+V,17718,6909044,12006700,57.543238358583125,64.62387493122125,61.11069652777199,-3.5674581691888676
Trypsin/Lys-C + Asp-N,Trypsin;Lys-C;Asp-N,K+H,17718,6536603,12006700,54.441295276803785,60.557357914859196,61.11069652777199,-6.669401250968207
Trypsin/Lys-C + Asp-N,Trypsin;Lys-C;Asp-N,K+L+T,17718,7358535,12006700,61.28690647721689,69.29437985736979,61.11069652777199,0.1762099494448961
Trypsin/Lys-C + Asp-N,Trypsin;Lys-C;Asp-N,K+L+I,17718,7328819,12006700,61.039411328674824,68.96551724137932,61.11069652777199,-0.07128519909716857
Trypsin/Lys-C + Asp-N,Trypsin;Lys-C;Asp-N,K+L+V,17718,7376076,12006700,61.43299990838449,69.4789081885856,61.11069652777199,0.32230338061249597
Trypsin/Lys-C + Asp-N,Trypsin;Lys-C;Asp-N,K+L+H,17718,7300645,12006700,60.804759009553,68.62380049979515,61.11069652777199,-0.3059375182189896
Trypsin/Lys-C + Asp-N,Trypsin;Lys-C;Asp-N,K+T+I,17718,7105998,12006700,59.183605820083784,66.60721725882836,61.11069652777199,-1.9270907076882082
Trypsin/Lys-C + Asp-N,Trypsin;Lys-C;Asp-N,K+T+V,17718,7222382,12006700,60.15293128003531,67.8633630088471,61.11069652777199,-0.9577652477366811
Trypsin/Lys-C + Asp-N,Trypsin;Lys-C;Asp-N,K+T+H,17718,7085780,12006700,59.015216504118534,66.29834254143647,61.11069652777199,-2.095480023653458
Trypsin/Lys-C + Asp-N,Trypsin;Lys-C;Asp-N,K+I+V,17718,7153855,12006700,59.58219160968459,67.14880463605601,61.11069652777199,-1.5285049180873997
Trypsin/Lys-C + Asp-N,Trypsin;Lys-C;Asp-N,K+I+H,17718,6946978,12006700,57.85917862526756,64.96461035970611,61.11069652777199,-3.251517902504432
Trypsin/Lys-C + Asp-N,Trypsin;Lys-C;Asp-N,K+V+H,17718,7127519,12006700,59.362847410195975,66.82779126969301,61.11069652777199,-1.747849117576017
Trypsin/Lys-C + Chymotrypsin,Trypsin;Lys-C;Chymotrypsin,K+R,17718,7139100,12006700,59.45930188977821,67.08995135585477,59.45930188977821,0.0
Trypsin/Lys-C + Chymotrypsin,Trypsin;Lys-C;Chymotrypsin,L,17718,6208340,12006700,51.707296759309386,56.904083148678424,59.45930188977821,-7.752005130468824
Trypsin/Lys-C + Chymotrypsin,Trypsin;Lys-C;Chymotrypsin,T,17718,4807105,12006700,40.03685442294719,42.96324823943662,59.45930188977821,-19.422447466831024
Trypsin/Lys-C + Chymotrypsin,Trypsin;Lys-C;Chymotrypsin,I,17718,4237718,12006700,35.294610509132404,36.8421052631579,59.45930188977821,-24.164691380645806
Trypsin/Lys-C + Chymotrypsin,Trypsin;Lys-C;Chymotrypsin,V,17718,5126773,12006700,42.69926790875095,46.35419376595847,59.45930188977821,-16.760033981027263
Trypsin/Lys-C + Chymotrypsin,Trypsin;Lys-C;Chymotrypsin,H,17718,3142145,12006700,26.169930122348354,26.716812947327053,59.45930188977821,-33.289371767429856
Trypsin/Lys-C + Chymotrypsin,Trypsin;Lys-C;Chymotrypsin,R,17718,5129364,12006700,42.720847526797534,46.82007383547339,59.45930188977821,-16.738454362980676
Trypsin/Lys-C + Chymotrypsin,Trypsin;Lys-C;Chymotrypsin,K+R+L,17718,7260989,12006700,60.47447675048098,68.66096866096866,59.45930188977821,1.0151748607027713
Trypsin/Lys-C + Chymotrypsin,Trypsin;Lys-C;Chymotrypsin,K,17718,5558678,12006700,46.296467805475274,50.39762845849802,59.45930188977821,-13.162834084302936
Trypsin/Lys-C + Chymotrypsin,Trypsin;Lys-C;Chymotrypsin,K+L,17718,6999982,12006700,58.30063214705123,65.71428571428571,59.45930188977821,-1.1586697427269783
Trypsin/Lys-C + Chymotrypsin,Trypsin;Lys-C;Chymotrypsin,K+T,17718,6626097,12006700,55.18666244680054,61.77793926181609,59.45930188977821,-4.27263944297767
Trypsin/Lys-C + Chymotrypsin,Trypsin;Lys-C;Chymotrypsin,K+I,17718,6379752,12006700,53.134932995744045,59.216169727345815,59.45930188977821,-6.324368894034166
Trypsin/Lys-C + Chymotrypsin,Trypsin;Lys-C;Chymotrypsin,K+V,17718,6702272,12006700,55.82109988589704,62.5,59.45930188977821,-3.638202003881169
Trypsin/Lys-C + Chymotrypsin,Trypsin;Lys-C;Chymotrypsin,K+H,17718,6310554,12006700,52.558604778998394,58.333333333333336,59.45930188977821,-6.9006971107798165
Trypsin/Lys-C + Chymotrypsin,Trypsin;Lys-C;Chymotrypsin,K+L+T,17718,7172618,12006700,59.73846269166382,67.63560920407394,59.45930188977821,0.27916080188560954
Trypsin/Lys-C + Chymotrypsin,Trypsin;Lys-C;Chymotrypsin,K+L+I,17718,7138297,12006700,59.45261395720723,67.22513640111578,59.45930188977821,-0.006687932570983435
Trypsin/Lys-C + Chymotrypsin,Trypsin;Lys-C;Chymotrypsin,K+L+V,17718,7188780,12006700,59.87307086876494,67.84137234956907,59.45930188977821,0.41376897898673093
Trypsin/Lys-C + Chymotrypsin,Trypsin;Lys-C;Chymotrypsin,K+L+H,17718,7104851,12006700,59.17405282050855,66.81241826566432,59.45930188977821,-0.28524906926966054
Trypsin/Lys-C + Chymotrypsin,Trypsin;Lys-C;Chymotrypsin,K+T+I,17718,6909235,12006700,57.544829137065136,64.75770925110132,59.45930188977821,-1.914472752713074
Trypsin/Lys-C + Chymotrypsin,Trypsin;Lys-C;Chymotrypsin,K+T+V,17718,7031148,12006700,58.560203886163556,66.06165279486856,59.45930188977821,-0.8990980036146539
Trypsin/Lys-C + Chymotrypsin,Trypsin;Lys-C;Chymotrypsin,K+T+H,17718,6884416,12006700,57.33811954991796,64.5751312335958,59.45930188977821,-2.1211823398602476
Trypsin/Lys-C + Chymotrypsin,Trypsin;Lys-C;Chymotrypsin,K+I+V,17718,6959810,12006700,57.96605228747283,65.41818481890084,59.45930188977821,-1.493249602305383
Trypsin/Lys-C + Chymotrypsin,Trypsin;Lys-C;Chymotrypsin,K+I+H,17718,6738471,12006700,56.12258988731292,62.87752102969494,59.45930188977821,-3.3367120024652905
Trypsin/Lys-C + Chymotrypsin,Trypsin;Lys-C;Chymotrypsin,K+V+H,17718,6925618,12006700,57.68127795314283,65.0139316766818,59.45930188977821,-1.7780239366353783
Trypsin/Lys-C + Glu-C + Asp-N,Trypsin;Lys-C;Glu-C;Asp-N,K+R,17718,7691518,12006700,64.06021637918829,72.6049786562732,64.06021637918829,0.0
Trypsin/Lys-C + Glu-C + Asp-N,Trypsin;Lys-C;Glu-C;Asp-N,L,17718,6948436,12006700,57.87132184530304,64.55266638541441,64.06021637918829,-6.188894533885254
Trypsin/Lys-C + Glu-C + Asp-N,Trypsin;Lys-C;Glu-C;Asp-N,T,17718,5533755,12006700,46.0888920352803,50.0,64.06021637918829,-17.971324343907987
Trypsin/Lys-C + Glu-C + Asp-N,Trypsin;Lys-C;Glu-C;Asp-N,I,17718,4875261,12006700,40.60450415184855,42.995829093330315,64.06021637918829,-23.45571222733974
Trypsin/Lys-C + Glu-C + Asp-N,Trypsin;Lys-C;Glu-C;Asp-N,V,17718,5845463,12006700,48.68500920319488,53.2822286713765,64.06021637918829,-15.37520717599341
Trypsin/Lys-C + Glu-C + Asp-N,Trypsin;Lys-C;Glu-C;Asp-N,H,17718,3719198,12006700,30.97602172120566,32.00813557948274,64.06021637918829,-33.08419465798263
Trypsin/Lys-C + Glu-C + Asp-N,Trypsin;Lys-C;Glu-C;Asp-N,R,17718,5846831,12006700,48.69640284174669,53.82214301018719,64.06021637918829,-15.363813537441601
Trypsin/Lys-C + Glu-C + Asp-N,Trypsin;Lys-C;Glu-C;Asp-N,K+R+L,17718,7853797,12006700,65.41178675239658,74.6268656716418,64.06021637918829,1.3515703732082898
Trypsin/Lys-C + Glu-C + Asp-N,Trypsin;Lys-C;Glu-C;Asp-N,K,17718,6137751,12006700,51.119383344299436,56.30199651244075,64.06021637918829,-12.940833034888854
Trypsin/Lys-C + Glu-C + Asp-N,Trypsin;Lys-C;Glu-C;Asp-N,K+L,17718,7624754,12006700,63.504160177234375,72.18889948022517,64.06021637918829,-0.5560562019539148
Trypsin/Lys-C + Glu-C + Asp-N,Trypsin;Lys-C;Glu-C;Asp-N,K+T,17718,7257353,12006700,60.44419365854065,68.42105263157895,64.06021637918829,-3.616022720647642
Trypsin/Lys-C + Glu-C + Asp-N,Trypsin;Lys-C;Glu-C;Asp-N,K+I,17718,6994223,12006700,58.2526672607794,65.53950103950103,64.06021637918829,-5.807549118408893
Trypsin/Lys-C + Glu-C + Asp-N,Trypsin;Lys-C;Glu-C;Asp-N,K+V,17718,7331252,12006700,61.059675014783416,69.21642304148733,64.06021637918829,-3.0005413644048744
Trypsin/Lys-C + Glu-C + Asp-N,Trypsin;Lys-C;Glu-C;Asp-N,K+H,17718,6944943,12006700,57.84222975505343,65.03477607030405,64.06021637918829,-6.217986624134859
Trypsin/Lys-C + Glu-C + Asp-N,Trypsin;Lys-C;Glu-C;Asp-N,K+L+T,17718,7779707,12006700,64.7947146176718,73.82049663299662,64.06021637918829,0.7344982384835106
Trypsin/Lys-C + Glu-C + Asp-N,Trypsin;Lys-C;Glu-C;Asp-N,K+L+I,17718,7747132,12006700,64.52340776399843,73.48436255973871,64.06021637918829,0.46319138481014477
Trypsin/Lys-C + Glu-C + Asp-N,Trypsin;Lys-C;Glu-C;Asp-N,K+L+V,17718,7794927,12006700,64.92147717524382,74.06379280984865,64.06021637918829,0.8612607960555323
Trypsin/Lys-C + Glu-C + Asp-N,Trypsin;Lys-C;Glu-C;Asp-N,K+L+H,17718,7721294,12006700,64.30821124871946,73.19548038703343,64.06021637918829,0.24799486953116912
Trypsin/Lys-C + Glu-C + Asp-N,Trypsin;Lys-C;Glu-C;Asp-N,K+T+I,17718,7526682,12006700,62.687349563160566,71.13592797810352,64.06021637918829,-1.3728668160277238
Trypsin/Lys-C + Glu-C + Asp-N,Trypsin;Lys-C;Glu-C;Asp-N,K+T+V,17718,7643601,12006700,63.66113086859836,72.35737511084835,64.06021637918829,-0.39908551058992714
Trypsin/Lys-C + Glu-C + Asp-N,Trypsin;Lys-C;Glu-C;Asp-N,K+T+H,17718,7509819,12006700,62.546902979169964,70.90686819293177,64.06021637918829,-1.5133134000183261
Trypsin/Lys-C + Glu-C + Asp-N,Trypsin;Lys-C;Glu-C;Asp-N,K+I+V,17718,7575296,12006700,63.09224016590737,71.70731707317073,64.06021637918829,-0.9679762132809202
Trypsin/Lys-C + Glu-C + Asp-N,Trypsin;Lys-C;Glu-C;Asp-N,K+I+H,17718,7366871,12006700,61.35633437997118,69.47116424821141,64.06021637918829,-2.70388199921711
Trypsin/Lys-C + Glu-C + Asp-N,Trypsin;Lys-C;Glu-C;Asp-N,K+V+H,17718,7552259,12006700,62.90037229213689,71.42857142857143,64.06021637918829,-1.1598440870513969
Trypsin/Lys-C + Chymotrypsin + Glu-C,Trypsin;Lys-C;Chymotrypsin;Glu-C,K+R,17718,7567286,12006700,63.025527413860594,71.56744625561068,63.025527413860594,0.0
Trypsin/Lys-C + Chymotrypsin + Glu-C,Trypsin;Lys-C;Chymotrypsin;Glu-C,L,17718,6782379,12006700,56.488285707146844,62.995322109303444,63.025527413860594,-6.5372417067137505
Trypsin/Lys-C + Chymotrypsin + Glu-C,Trypsin;Lys-C;Chymotrypsin;Glu-C,T,17718,5343477,12006700,44.50412686250177,48.0,63.025527413860594,-18.521400551358823
Trypsin/Lys-C + Chymotrypsin + Glu-C,Trypsin;Lys-C;Chymotrypsin;Glu-C,I,17718,4715682,12006700,39.27542122315041,41.49108589951378,63.025527413860594,-23.750106190710184
Trypsin/Lys-C + Chymotrypsin + Glu-C,Trypsin;Lys-C;Chymotrypsin;Glu-C,V,17718,5670181,12006700,47.22514096296235,51.76376101509359,63.025527413860594,-15.800386450898245
Trypsin/Lys-C + Chymotrypsin + Glu-C,Trypsin;Lys-C;Chymotrypsin;Glu-C,H,17718,3538262,12006700,29.46906310643224,30.490211633045558,63.025527413860594,-33.55646430742836
Trypsin/Lys-C + Chymotrypsin + Glu-C,Trypsin;Lys-C;Chymotrypsin;Glu-C,R,17718,5630913,12006700,46.898090232953265,51.83424251654529,63.025527413860594,-16.12743718090733
Trypsin/Lys-C + Chymotrypsin + Glu-C,Trypsin;Lys-C;Chymotrypsin;Glu-C,K+R+L,17718,7749436,12006700,64.54259704998043,73.77279102384291,63.025527413860594,1.5170696361198353
Trypsin/Lys-C + Chymotrypsin + Glu-C,Trypsin;Lys-C;Chymotrypsin;Glu-C,K,17718,5990876,12006700,49.896108006363114,54.99803304484658,63.025527413860594,-13.12941940749748
Trypsin/Lys-C + Chymotrypsin + Glu-C,Trypsin;Lys-C;Chymotrypsin;Glu-C,K+L,17718,7509625,12006700,62.54528721463849,71.05296841760341,63.025527413860594,-0.48024019922210215
Trypsin/Lys-C + Chymotrypsin + Glu-C,Trypsin;Lys-C;Chymotrypsin;Glu-C,K+T,17718,7130351,12006700,59.386434240882174,67.11197992710598,63.025527413860594,-3.63909317297842
Trypsin/Lys-C + Chymotrypsin + Glu-C,Trypsin;Lys-C;Chymotrypsin;Glu-C,K+I,17718,6866895,12006700,57.1921926924134,64.3628314163326,63.025527413860594,-5.833334721447194
Trypsin/Lys-C + Chymotrypsin + Glu-C,Trypsin;Lys-C;Chymotrypsin;Glu-C,K+V,17718,7210000,12006700,60.0498055252484,68.11816539570032,63.025527413860594,-2.975721888612192
Trypsin/Lys-C + Chymotrypsin + Glu-C,Trypsin;Lys-C;Chymotrypsin;Glu-C,K+H,17718,6801077,12006700,56.644015424721196,63.67592355964449,63.025527413860594,-6.381511989139398
Trypsin/Lys-C + Chymotrypsin + Glu-C,Trypsin;Lys-C;Chymotrypsin;Glu-C,K+L+T,17718,7681368,12006700,63.97568024519643,73.05100404880302,63.025527413860594,0.950152831335835
Trypsin/Lys-C + Chymotrypsin + Glu-C,Trypsin;Lys-C;Chymotrypsin;Glu-C,K+L+I,17718,7645490,12006700,63.67686375107232,72.57278214174767,63.025527413860594,0.651336337211724
Trypsin/Lys-C + Chymotrypsin + Glu-C,Trypsin;Lys-C;Chymotrypsin;Glu-C,K+L+V,17718,7695070,12006700,64.08979986174386,73.0807012241197,63.025527413860594,1.064272447883262
Trypsin/Lys-C + Chymotrypsin + Glu-C,Trypsin;Lys-C;Chymotrypsin;Glu-C,K+L+H,17718,7614062,12006700,63.41510989697419,72.26982496055192,63.025527413860594,0.38958248311359256
Trypsin/Lys-C + Chymotrypsin + Glu-C,Trypsin;Lys-C;Chymotrypsin;Glu-C,K+T+I,17718,7415537,12006700,61.76165807424188,70.13535760014634,63.025527413860594,-1.263869339618715
Trypsin/Lys-C + Chymotrypsin + Glu-C,Trypsin;Lys-C;Chymotrypsin;Glu-C,K+T+V,17718,7538587,12006700,62.78650253608402,71.55595309083682,63.025527413860594,-0.239024877776572
Trypsin/Lys-C + Chymotrypsin + Glu-C,Trypsin;Lys-C;Chymotrypsin;Glu-C,K+T+H,17718,7393809,12006700,61.58069244671725,69.93275804945634,63.025527413860594,-1.4448349671433434
Trypsin/Lys-C + Chymotrypsin + Glu-C,Trypsin;Lys-C;Chymotrypsin;Glu-C,K+I+V,17718,7467867,12006700,62.197498063581165,70.7394854884196,63.025527413860594,-0.8280293502794294
Trypsin/Lys-C + Chymotrypsin + Glu-C,Trypsin;Lys-C;Chymotrypsin;Glu-C,K+I+H,17718,7244869,12006700,60.340218378072244,68.3483969908983,63.025527413860594,-2.6853090357883502
Trypsin/Lys-C + Chymotrypsin + Glu-C,Trypsin;Lys-C;Chymotrypsin;Glu-C,K+V+H,17718,7437702,12006700,61.9462633363039,70.40541553265103,63.025527413860594,-1.0792640775566937
Trypsin/Lys-C + Chymotrypsin + Asp-N,Trypsin;Lys-C;Chymotrypsin;Asp-N,K+R,17718,7562593,12006700,62.986440903828694,71.49094950778024,62.986440903828694,0.0
Trypsin/Lys-C + Chymotrypsin + Asp-N,Trypsin;Lys-C;Chymotrypsin;Asp-N,L,17718,6782599,12006700,56.49011801744026,63.09898305748319,62.986440903828694,-6.496322886388434
Trypsin/Lys-C + Chymotrypsin + Asp-N,Trypsin;Lys-C;Chymotrypsin;Asp-N,T,17718,5375934,12006700,44.77445093156321,48.4686894232573,62.986440903828694,-18.211989972265485
Trypsin/Lys-C + Chymotrypsin + Asp-N,Trypsin;Lys-C;Chymotrypsin;Asp-N,I,17718,4736589,12006700,39.44954900180733,41.671585989767806,62.986440903828694,-23.536891902021367
Trypsin/Lys-C + Chymotrypsin + Asp-N,Trypsin;Lys-C;Chymotrypsin;Asp-N,V,17718,5684445,12006700,47.34394129944115,52.012384584799804,62.986440903828694,-15.642499604387545
Trypsin/Lys-C + Chymotrypsin + Asp-N,Trypsin;Lys-C;Chymotrypsin;Asp-N,H,17718,3587762,12006700,29.88133292245163,30.76923076923077,62.986440903828694,-33.10510798137706
Trypsin/Lys-C + Chymotrypsin + Asp-N,Trypsin;Lys-C;Chymotrypsin;Asp-N,R,17718,5660280,12006700,47.142678671075316,52.23072111010009,62.986440903828694,-15.843762232753377
Trypsin/Lys-C + Chymotrypsin + Asp-N,Trypsin;Lys-C;Chymotrypsin;Asp-N,K+R+L,17718,7745371,12006700,64.50874095296793,73.78556499460626,62.986440903828694,1.5223000491392327
Trypsin/Lys-C + Chymotrypsin + Asp-N,Trypsin;Lys-C;Chymotrypsin;Asp-N,K,17718,5989318,12006700,49.883131918012445,55.032709064140064,62.986440903828694,-13.103308985816248
Trypsin/Lys-C + Chymotrypsin + Asp-N,Trypsin;Lys-C;Chymotrypsin;Asp-N,K+L,17718,7504834,12006700,62.50538449365771,71.04383439129202,62.986440903828694,-0.48105641017098577
Trypsin/Lys-C + Chymotrypsin + Asp-N,Trypsin;Lys-C;Chymotrypsin;Asp-N,K+T,17718,7126519,12006700,59.354518727044066,67.13847502191061,62.986440903828694,-3.6319221767846273
Trypsin/Lys-C + Chymotrypsin + Asp-N,Trypsin;Lys-C;Chymotrypsin;Asp-N,K+I,17718,6863840,12006700,57.166748565384324,64.31636016444088,62.986440903828694,-5.819692338444369
Trypsin/Lys-C + Chymotrypsin + Asp-N,Trypsin;Lys-C;Chymotrypsin;Asp-N,K+V,17718,7201244,12006700,59.97687957557031,67.87916809246796,62.986440903828694,-3.0095613282583855
Trypsin/Lys-C + Chymotrypsin + Asp-N,Trypsin;Lys-C;Chymotrypsin;Asp-N,K+H,17718,6800064,12006700,56.635578468688315,63.6099458067512,62.986440903828694,-6.350862435140378
Trypsin/Lys-C + Chymotrypsin + Asp-N,Trypsin;Lys-C;Chymotrypsin;Asp-N,K+L+T,17718,7673352,12006700,63.908917521050746,73.0237833345555,62.986440903828694,0.9224766172220527
Trypsin/Lys-C + Chymotrypsin + Asp-N,Trypsin;Lys-C;Chymotrypsin;Asp-N,K+L+I,17718,7639360,12006700,63.62580892335113,72.55059327101627,62.986440903828694,0.6393680195224363
Trypsin/Lys-C + Chymotrypsin + Asp-N,Trypsin;Lys-C;Chymotrypsin;Asp-N,K+L+V,17718,7688738,12006700,64.03706264002598,73.21428571428571,62.986440903828694,1.0506217361972858
Trypsin/Lys-C + Chymotrypsin + Asp-N,Trypsin;Lys-C;Chymotrypsin;Asp-N,K+L+H,17718,7609678,12006700,63.37859695003623,72.26173523726186,62.986440903828694,0.3921560462075391
Trypsin/Lys-C + Chymotrypsin + Asp-N,Trypsin;Lys-C;Chymotrypsin;Asp-N,K+T+I,17718,7413059,12006700,61.74101959739146,70.30823752922836,62.986440903828694,-1.2454213064372368
Trypsin/Lys-C + Chymotrypsin + Asp-N,Trypsin;Lys-C;Chymotrypsin;Asp-N,K+T+V,17718,7533420,12006700,62.743468230238115,71.5,62.986440903828694,-0.24297267359057884
Trypsin/Lys-C + Chymotrypsin + Asp-N,Trypsin;Lys-C;Chymotrypsin;Asp-N,K+T+H,17718,7390047,12006700,61.54935994069977,69.97617006134459,62.986440903828694,-1.4370809631289205
Trypsin/Lys-C + Chymotrypsin + Asp-N,Trypsin;Lys-C;Chymotrypsin;Asp-N,K+I+V,17718,7459300,12006700,62.12614623501878,70.73443146940778,62.986440903828694,-0.8602946688099138
Trypsin/Lys-C + Chymotrypsin + Asp-N,Trypsin;Lys-C;Chymotrypsin;Asp-N,K+I+H,17718,7241166,12006700,60.309377264360734,68.24742268041237,62.986440903828694,-2.67706363946796
Trypsin/Lys-C + Chymotrypsin + Asp-N,Trypsin;Lys-C;Chymotrypsin;Asp-N,K+V+H,17718,7431241,12006700,61.892451714459426,70.42606135352975,62.986440903828694,-1.0939891893692675
